{
  "properties": {
    "connectionReferences": {
      "shared_office365groups_1": {
        "runtimeSource": "embedded",
        "connection": {
          "connectionReferenceLogicalName": "maboej_SendinfoOffice365Groups"
        },
        "api": {
          "name": "shared_office365groups"
        }
      },
      "shared_office365": {
        "runtimeSource": "embedded",
        "connection": {
          "connectionReferenceLogicalName": "maboej_SendinfoOffice365Outlook"
        },
        "api": {
          "name": "shared_office365"
        }
      },
      "shared_teams": {
        "runtimeSource": "embedded",
        "connection": {
          "connectionReferenceLogicalName": "maboej_SendinfoMicrosoftTeams"
        },
        "api": {
          "name": "shared_teams"
        }
      }
    },
    "definition": {
      "$schema": "https://schema.management.azure.com/providers/Microsoft.Logic/schemas/2016-06-01/workflowdefinition.json#",
      "contentVersion": "1.0.0.0",
      "parameters": {
        "$connections": {
          "defaultValue": {},
          "type": "Object"
        },
        "$authentication": {
          "defaultValue": {},
          "type": "SecureObject"
        }
      },
      "triggers": {
        "Recurrence": {
          "recurrence": {
            "frequency": "Day",
            "interval": 1,
            "schedule": {
              "hours": [
                "1"
              ]
            }
          },
          "metadata": {
            "operationMetadataId": "e29a1b60-5aba-4e63-bb15-aa33b28003ce"
          },
          "type": "Recurrence"
        }
      },
      "actions": {
        "Initialize_variable_-_NextLink": {
          "runAfter": {
            "Initialize_variable_-_yesterday": [
              "Succeeded"
            ]
          },
          "metadata": {
            "operationMetadataId": "38f78062-742a-4a8e-9b5a-6b8f4f7e5d11"
          },
          "type": "InitializeVariable",
          "inputs": {
            "variables": [
              {
                "name": "NextLink",
                "type": "String",
                "value": "https://graph.microsoft.com/v1.0/groups/?$filter=groupTypes/any(c:c+eq+'Unified')"
              }
            ]
          }
        },
        "Scope_-_Get_all_O365_Groups": {
          "actions": {
            "Do_until": {
              "actions": {
                "Set_variable_-_if_NextLink_is_not_present_,_set_NextLink_to_Done": {
                  "runAfter": {
                    "Set_variable_-_If_nextLink_is_there": [
                      "Failed"
                    ]
                  },
                  "metadata": {
                    "operationMetadataId": "85cbae06-094f-4683-848f-d171a46549ef"
                  },
                  "type": "SetVariable",
                  "inputs": {
                    "name": "NextLink",
                    "value": "Done"
                  }
                },
                "Set_variable_-_If_nextLink_is_there": {
                  "runAfter": {
                    "Send_an_HTTP_request": [
                      "Succeeded"
                    ]
                  },
                  "metadata": {
                    "operationMetadataId": "39591c3a-9a6f-41d7-bf2b-de426ba012c6"
                  },
                  "type": "SetVariable",
                  "inputs": {
                    "name": "NextLink",
                    "value": "@{body('Send_an_HTTP_request')['@odata.nextLink']}"
                  }
                },
                "Append_to_string_variable": {
                  "runAfter": {
                    "Set_variable_-_if_NextLink_is_not_present_,_set_NextLink_to_Done": [
                      "Succeeded",
                      "Failed",
                      "Skipped"
                    ]
                  },
                  "metadata": {
                    "operationMetadataId": "c5e53721-69b3-45f8-be6c-6ab1b9510c17"
                  },
                  "type": "AppendToStringVariable",
                  "inputs": {
                    "name": "Groups",
                    "value": "@body('Send_an_HTTP_request')?['value']"
                  }
                },
                "Send_an_HTTP_request": {
                  "runAfter": {},
                  "metadata": {
                    "operationMetadataId": "932f288e-5d60-4a52-a463-447ed23a6ecf"
                  },
                  "type": "OpenApiConnection",
                  "inputs": {
                    "host": {
                      "connectionName": "shared_office365groups_1",
                      "operationId": "HttpRequest",
                      "apiId": "/providers/Microsoft.PowerApps/apis/shared_office365groups"
                    },
                    "parameters": {
                      "Uri": "@variables('NextLink')",
                      "Method": "GET",
                      "ContentType": "application/json"
                    },
                    "authentication": "@parameters('$authentication')"
                  }
                }
              },
              "runAfter": {},
              "expression": "@equals(variables('NextLink'), 'Done')",
              "limit": {
                "count": 1000,
                "timeout": "PT1H"
              },
              "metadata": {
                "operationMetadataId": "d40eb621-1b31-40b7-a9a8-389a1f74566d"
              },
              "type": "Until"
            },
            "Compose_-_Groups": {
              "runAfter": {
                "Do_until": [
                  "Succeeded"
                ]
              },
              "metadata": {
                "operationMetadataId": "52b3d480-dc98-4cb4-9d5b-c2e779940694"
              },
              "type": "Compose",
              "inputs": "@replace(variables('Groups'), '][', ',')",
              "description": "replace(variables('Groups'), '][', ',')"
            },
            "Parse_JSON": {
              "runAfter": {
                "Compose_-_Groups": [
                  "Succeeded"
                ]
              },
              "metadata": {
                "operationMetadataId": "9cb3f6a4-13ac-4993-be18-fd64d24bb168"
              },
              "type": "ParseJson",
              "inputs": {
                "content": "@outputs('Compose_-_Groups')",
                "schema": {
                  "type": "array",
                  "items": {
                    "type": "object",
                    "properties": {
                      "id": {
                        "type": [
                          "string",
                          "null"
                        ]
                      },
                      "deletedDateTime": {},
                      "classification": {
                        "type": [
                          "string",
                          "null"
                        ]
                      },
                      "createdDateTime": {
                        "type": [
                          "string",
                          "null"
                        ]
                      },
                      "creationOptions": {
                        "type": "array",
                        "items": {
                          "type": [
                            "string",
                            "null"
                          ]
                        }
                      },
                      "description": {
                        "type": [
                          "string",
                          "null"
                        ]
                      },
                      "displayName": {
                        "type": [
                          "string",
                          "null"
                        ]
                      },
                      "expirationDateTime": {
                        "type": [
                          "string",
                          "null"
                        ]
                      },
                      "groupTypes": {
                        "type": "array",
                        "items": {
                          "type": [
                            "string",
                            "null"
                          ]
                        }
                      },
                      "isAssignableToRole": {},
                      "mail": {
                        "type": [
                          "string",
                          "null"
                        ]
                      },
                      "mailEnabled": {
                        "type": "boolean"
                      },
                      "mailNickname": {
                        "type": [
                          "string",
                          "null"
                        ]
                      },
                      "membershipRule": {},
                      "membershipRuleProcessingState": {},
                      "onPremisesDomainName": {},
                      "onPremisesLastSyncDateTime": {},
                      "onPremisesNetBiosName": {},
                      "onPremisesSamAccountName": {},
                      "onPremisesSecurityIdentifier": {},
                      "onPremisesSyncEnabled": {},
                      "preferredDataLocation": {},
                      "preferredLanguage": {},
                      "proxyAddresses": {
                        "type": "array",
                        "items": {
                          "type": [
                            "string",
                            "null"
                          ]
                        }
                      },
                      "renewedDateTime": {
                        "type": [
                          "string",
                          "null"
                        ]
                      },
                      "resourceBehaviorOptions": {
                        "type": "array"
                      },
                      "resourceProvisioningOptions": {
                        "type": "array",
                        "items": {
                          "type": [
                            "string",
                            "null"
                          ]
                        }
                      },
                      "securityEnabled": {
                        "type": "boolean"
                      },
                      "securityIdentifier": {
                        "type": [
                          "string",
                          "null"
                        ]
                      },
                      "theme": {},
                      "visibility": {
                        "type": [
                          "string",
                          "null"
                        ]
                      },
                      "onPremisesProvisioningErrors": {
                        "type": "array"
                      }
                    },
                    "required": [
                      "id",
                      "deletedDateTime",
                      "classification",
                      "createdDateTime",
                      "creationOptions",
                      "description",
                      "displayName",
                      "expirationDateTime",
                      "groupTypes",
                      "isAssignableToRole",
                      "mail",
                      "mailEnabled",
                      "mailNickname",
                      "membershipRule",
                      "membershipRuleProcessingState",
                      "onPremisesDomainName",
                      "onPremisesLastSyncDateTime",
                      "onPremisesNetBiosName",
                      "onPremisesSamAccountName",
                      "onPremisesSecurityIdentifier",
                      "onPremisesSyncEnabled",
                      "preferredDataLocation",
                      "preferredLanguage",
                      "proxyAddresses",
                      "renewedDateTime",
                      "resourceBehaviorOptions",
                      "resourceProvisioningOptions",
                      "securityEnabled",
                      "securityIdentifier",
                      "theme",
                      "visibility",
                      "onPremisesProvisioningErrors"
                    ]
                  }
                }
              }
            }
          },
          "runAfter": {
            "Initialize_variable_-_Groups": [
              "Succeeded"
            ]
          },
          "metadata": {
            "operationMetadataId": "63737816-b2ee-45a1-96d5-bbd72ea2f73d"
          },
          "type": "Scope"
        },
        "Initialize_variable_-_Groups": {
          "runAfter": {
            "Initialize_variable_-_NextLink": [
              "Succeeded"
            ]
          },
          "metadata": {
            "operationMetadataId": "489867d1-8fc6-4f79-a2e3-62db545fc2cb"
          },
          "type": "InitializeVariable",
          "inputs": {
            "variables": [
              {
                "name": "Groups",
                "type": "string"
              }
            ]
          }
        },
        "Initialize_variable_-_yesterday": {
          "runAfter": {},
          "metadata": {
            "operationMetadataId": "7d2d1e34-cc66-496c-8141-70587a92b239"
          },
          "type": "InitializeVariable",
          "inputs": {
            "variables": [
              {
                "name": "yesterday",
                "type": "string",
                "value": "@{addDays(utcNow(), -1)}"
              }
            ]
          }
        },
        "Filter_array_-_created_yesterday": {
          "runAfter": {
            "Scope_-_Get_all_O365_Groups": [
              "Succeeded"
            ]
          },
          "metadata": {
            "operationMetadataId": "97fae4e8-4beb-4251-ae84-47bca4c4f4ef"
          },
          "type": "Query",
          "inputs": {
            "from": "@body('Parse_JSON')",
            "where": "@greater(item()['createdDateTime'], variables('yesterday'))"
          }
        },
        "Apply_to_each": {
          "foreach": "@body('Filter_array_-_public')",
          "actions": {
            "Send_an_HTTP_request_-_Get_owners": {
              "runAfter": {},
              "metadata": {
                "operationMetadataId": "932f288e-5d60-4a52-a463-447ed23a6ecf"
              },
              "type": "OpenApiConnection",
              "inputs": {
                "host": {
                  "connectionName": "shared_office365groups_1",
                  "operationId": "HttpRequest",
                  "apiId": "/providers/Microsoft.PowerApps/apis/shared_office365groups"
                },
                "parameters": {
                  "Uri": "https://graph.microsoft.com/v1.0/groups/@{items('Apply_to_each')?['id']}/owners/",
                  "Method": "GET",
                  "ContentType": "application/json"
                },
                "authentication": "@parameters('$authentication')"
              }
            },
            "Select_-_Owners": {
              "runAfter": {
                "Send_an_HTTP_request_-_Get_owners": [
                  "Succeeded"
                ]
              },
              "metadata": {
                "operationMetadataId": "09ce017d-57ac-40f8-a194-707dd526adaf"
              },
              "type": "Select",
              "inputs": {
                "from": "@body('Send_an_HTTP_request_-_Get_owners')?['value']",
                "select": "@item()?['mail']"
              }
            },
            "Scope_-_send_mail_to_owners": {
              "actions": {
                "Send_an_email_(V2)": {
                  "runAfter": {},
                  "metadata": {
                    "operationMetadataId": "38b26f03-1512-4611-90b8-8556ccaf44f3"
                  },
                  "type": "OpenApiConnection",
                  "inputs": {
                    "host": {
                      "connectionName": "shared_office365",
                      "operationId": "SendEmailV2",
                      "apiId": "/providers/Microsoft.PowerApps/apis/shared_office365"
                    },
                    "parameters": {
                      "emailMessage/To": "@replace(replace(replace(replace(string(body('Select_-_Owners')), ',', ';'),'\"',''),'[',''),']','')",
                      "emailMessage/Subject": "Public Team/Group created - @{items('Apply_to_each')?['displayName']}",
                      "emailMessage/Body": "<p>You have created a Public Team/Group and please make sure that its Private you need.<br>\n<br>\nPublic groups are open to everyone in the company and all useres have access to all files on the SharePoint site.<br>\n<br>\nConsider changing this to a Privat group.<br>\n<br>\nDisplayname: &nbsp;@{items('Apply_to_each')?['displayName']}<br>\nGroup id: @{items('Apply_to_each')?['id']}<br>\n</p>",
                      "emailMessage/Importance": "Normal"
                    },
                    "authentication": "@parameters('$authentication')"
                  }
                }
              },
              "runAfter": {
                "Select_-_Owners": [
                  "Succeeded"
                ]
              },
              "metadata": {
                "operationMetadataId": "c9675896-47c1-4edf-87e8-f34ef461c6c6"
              },
              "type": "Scope"
            },
            "Scope_-_Send_chat_to_owners_in_Teams": {
              "actions": {
                "Apply_to_each_-_Owners": {
                  "foreach": "@body('Select_-_Owners')",
                  "actions": {
                    "Post_message_in_a_chat_or_channel": {
                      "runAfter": {},
                      "metadata": {
                        "operationMetadataId": "42ab10a6-f9bb-4656-b42e-cad2183b0248"
                      },
                      "type": "OpenApiConnection",
                      "inputs": {
                        "host": {
                          "connectionName": "shared_teams",
                          "operationId": "PostMessageToConversation",
                          "apiId": "/providers/Microsoft.PowerApps/apis/shared_teams"
                        },
                        "parameters": {
                          "poster": "Flow bot",
                          "location": "Chat with Flow bot",
                          "body/recipient": "@items('Apply_to_each_-_Owners')",
                          "body/messageBody": "<p>You have created a Public Team/Group and please make sure that its Private you need.<br>\n<br>\nPublic groups are open to everyone in the company and all useres have access to all files on the SharePoint site.<br>\n<br>\nConsider changing this to a Privat group.<br>\n<br>\n<strong>Displayname: &nbsp;</strong><strong>@{items('Apply_to_each')?['displayName']}</strong><strong></strong><br>\nGroup id: @{items('Apply_to_each')?['id']}</p>",
                          "body/isAlert": true
                        },
                        "authentication": "@parameters('$authentication')"
                      }
                    }
                  },
                  "runAfter": {},
                  "metadata": {
                    "operationMetadataId": "82bb3aaa-cc78-4a09-9d66-de823fe82609"
                  },
                  "type": "Foreach"
                }
              },
              "runAfter": {
                "Select_-_Owners": [
                  "Succeeded"
                ]
              },
              "metadata": {
                "operationMetadataId": "dc7627f2-f082-4ac7-bf88-85c4e9fad9e2"
              },
              "type": "Scope"
            }
          },
          "runAfter": {
            "Filter_array_-_public": [
              "Succeeded"
            ]
          },
          "metadata": {
            "operationMetadataId": "92fd5fcc-6c5c-4d0e-b5d7-dbd400645957"
          },
          "type": "Foreach"
        },
        "Filter_array_-_public": {
          "runAfter": {
            "Filter_array_-_created_yesterday": [
              "Succeeded"
            ]
          },
          "metadata": {
            "operationMetadataId": "5b8501d6-7535-462c-9e17-d197c841bb8a"
          },
          "type": "Query",
          "inputs": {
            "from": "@body('Filter_array_-_created_yesterday')",
            "where": "@contains(item()?['visibility'], 'Public')"
          }
        }
      }
    }
  },
  "schemaVersion": "1.0.0.0"
}